some,sample,data,separated,by,commas,but,with,any,data,like,20240424,078978333,end
some,sample,data,separated,by,commas,but,with,any,data,like,20240424,078978333,end
some,sample,data,separated,by,commas,but,with,any,data,like,20240424,078978333,end
some,sample,data,separated,by,commas,but,with,any,data,like,20240424,078978333,end
some,sample,data,separated,by,commas,but,with,any,data,like,20240424,078978333,end
some,sample,data,separated,by,commas,but,with,any,data,like,20240424,078978333,end
some,sample,data,separated,by,commas,but,with,any,data,like,20240424,078978333,end
some,sample,data,separated,by,commas,but,with,any,data,like,20240424,078978333,end
some,sample,data,separated,by,commas,but,with,any,data,like,20240424,078978333,end
some,sample,data,separated,by,commas,but,with,any,data,like,20240424,078978333,end
some,sample,data,separated,by,commas,but,with,any,data,like,20240424,078978333,end
some,sample,data,separated,by,commas,but,with,any,data,like,20240424,078978333,end
some,sample,data,separated,by,commas,but,with,any,data,like,20240424,078978333,end
some,sample,data,separated,by,commas,but,with,any,data,like,20240424,078978333,end
some,sample,data,separated,by,commas,but,with,any,data,like,20240424,078978333,end
some,sample,data,separated,by,commas,but,with,any,data,like,20240424,078978333,end
some,sample,data,separated,by,commas,but,with,any,data,like,20240424,078978333,end
some,sample,data,separated,by,commas,but,with,any,data,like,20240424,078978333,end
some,sample,data,separated,by,commas,but,with,any,data,like,20240424,078978333,end
some,sample,data,separated,by,commas,but,with,any,data,like,20240424,078978333,end
some,sample,data,separated,by,commas,but,with,any,data,like,20240424,078978333,end
some,sample,data,separated,by,commas,but,with,any,data,like,20240424,078978333,end
some,sample,data,separated,by,commas,but,with,any,data,like,20240424,078978333,end
some,sample,data,separated,by,commas,but,with,any,data,like,20240424,078978333,end
some,sample,data,separated,by,commas,but,with,any,data,like,20240424,078978333,end
some,sample,data,separated,by,commas,but,with,any,data,like,20240424,078978333,end
some,sample,data,separated,by,commas,but,with,any,data,like,20240424,078978333,end
some,sample,data,separated,by,commas,but,with,any,data,like,20240424,078978333,end
some,sample,data,separated,by,commas,but,with,any,data,like,20240424,078978333,end
some,sample,data,separated,by,commas,but,with,any,data,like,20240424,078978333,end
some,sample,data,separated,by,commas,but,with,any,data,like,20240424,078978333,end
some,sample,data,separated,by,commas,but,with,any,data,like,20240424,078978333,end
some,sample,data,separated,by,commas,but,with,any,data,like,20240424,078978333,end
some,sample,data,separated,by,commas,but,with,any,data,like,20240424,078978333,end
some,sample,data,separated,by,commas,but,with,any,data,like,20240424,078978333,end
some,sample,data,separated,by,commas,but,with,any,data,like,20240424,078978333,end
some,sample,data,separated,by,commas,but,with,any,data,like,20240424,078978333,end
some,sample,data,separated,by,commas,but,with,any,data,like,20240424,078978333,end
some,sample,data,separated,by,commas,but,with,any,data,like,20240424,078978333,end
some,sample,data,separated,by,commas,but,with,any,data,like,20240424,078978333,end
some,sample,data,separated,by,commas,but,with,any,data,like,20240424,078978333,end
some,sample,data,separated,by,commas,but,with,any,data,like,20240424,078978333,end
some,sample,data,separated,by,commas,but,with,any,data,like,20240424,078978333,end
some,sample,data,separated,by,commas,but,with,any,data,like,20240424,078978333,end
some,sample,data,separated,by,commas,but,with,any,data,like,20240424,078978333,end
some,sample,data,separated,by,commas,but,with,any,data,like,20240424,078978333,end
some,sample,data,separated,by,commas,but,with,any,data,like,20240424,078978333,end
some,sample,data,separated,by,commas,but,with,any,data,like,20240424,078978333,end
some,sample,data,separated,by,commas,but,with,any,data,like,20240424,078978333,end
some,sample,data,separated,by,commas,but,with,any,data,like,20240424,078978333,end
some,sample,data,separated,by,commas,but,with,any,data,like,20240424,078978333,end
some,sample,data,separated,by,commas,but,with,any,data,like,20240424,078978333,end
some,sample,data,separated,by,commas,but,with,any,data,like,20240424,078978333,end
some,sample,data,separated,by,commas,but,with,any,data,like,20240424,078978333,end
some,sample,data,separated,by,commas,but,with,any,data,like,20240424,078978333,end
some,sample,data,separated,by,commas,but,with,any,data,like,20240424,078978333,end
some,sample,data,separated,by,commas,but,with,any,data,like,20240424,078978333,end
some,sample,data,separated,by,commas,but,with,any,data,like,20240424,078978333,end
some,sample,data,separated,by,commas,but,with,any,data,like,20240424,078978333,end
some,sample,data,separated,by,commas,but,with,any,data,like,20240424,078978333,end
some,sample,data,separated,by,commas,but,with,any,data,like,20240424,078978333,end
some,sample,data,separated,by,commas,but,with,any,data,like,20240424,078978333,end
some,sample,data,separated,by,commas,but,with,any,data,like,20240424,078978333,end
some,sample,data,separated,by,commas,but,with,any,data,like,20240424,078978333,end

